Type,Name,Request Count,Failure Count,Median Response Time,Average Response Time,Min Response Time,Max Response Time,Average Content Size,Requests/s,Failures/s,50%,66%,75%,80%,90%,95%,98%,99%,99.9%,99.99%,100%
POST,cache.get,8,8,4095.7680999999866,4057.9116375010926,4023.9960000035353,4095.7680999999866,0.0,0.1353132353194581,0.1353132353194581,4100,4100,4100,4100,4100,4100,4100,4100,4100,4100,4100
POST,cache.put,8,8,4094.4465000065975,4069.073112506885,4037.2917000204325,4094.4465000065975,0.0,0.1353132353194581,0.1353132353194581,4100,4100,4100,4100,4100,4100,4100,4100,4100,4100,4100
POST,lock.acquire.shared,20,20,4093.461299955379,4065.156854997622,4031.9605999975465,4093.461299955379,0.0,0.33828308829864523,0.33828308829864523,4100,4100,4100,4100,4100,4100,4100,4100,4100,4100,4100
POST,lock.release,17,17,4084.087799943518,4059.6519117585985,4030.1037000026554,4084.087799943518,0.0,0.2875406250538485,0.2875406250538485,4100,4100,4100,4100,4100,4100,4100,4100,4100,4100,4100
POST,queue.enqueue,13,13,4021.1825000005774,4048.568746146674,4021.1825000005774,4080.6810000212863,0.0,0.21988400739411942,0.21988400739411942,4000,4100,4100,4100,4100,4100,4100,4100,4100,4100,4100
,Aggregated,66,66,4095.7680999999866,4060.0680499972605,4021.1825000005774,4095.7680999999866,0.0,1.1163341913855294,1.1163341913855294,4100,4100,4100,4100,4100,4100,4100,4100,4100,4100,4100
