Type,Name,Request Count,Failure Count,Median Response Time,Average Response Time,Min Response Time,Max Response Time,Average Content Size,Requests/s,Failures/s,50%,66%,75%,80%,90%,95%,98%,99%,99.9%,99.99%,100%
POST,cache.get,9,9,4074.259200016968,4055.777255562134,4036.3765999791212,4074.259200016968,0.0,0.15359596948076504,0.15359596948076504,4100,4100,4100,4100,4100,4100,4100,4100,4100,4100,4100
POST,cache.put,9,9,4084.2026000027545,4070.1938555575907,4060.352000000421,4084.2026000027545,0.0,0.15359596948076504,0.15359596948076504,4100,4100,4100,4100,4100,4100,4100,4100,4100,4100,4100
POST,lock.acquire.shared,19,19,4096.870799956378,4064.4979684209256,4029.569900012575,4096.870799956378,0.0,0.3242581577927262,0.3242581577927262,4100,4100,4100,4100,4100,4100,4100,4100,4100,4100,4100
POST,lock.release,19,19,4092.1008000150323,4061.9789789565593,4031.0992000158876,4092.1008000150323,0.0,0.3242581577927262,0.3242581577927262,4100,4100,4100,4100,4100,4100,4100,4100,4100,4100,4100
POST,queue.enqueue,10,10,4079.2594000231475,4064.4448400009423,4040.9147999598645,4079.2594000231475,0.0,0.17066218831196117,0.17066218831196117,4100,4100,4100,4100,4100,4100,4100,4100,4100,4100,4100
,Aggregated,66,66,4096.870799956378,4063.3522787918055,4029.569900012575,4096.870799956378,0.0,1.1263704428589436,1.1263704428589436,4100,4100,4100,4100,4100,4100,4100,4100,4100,4100,4100
